timestamp,publisher,score,label
2025-06-16 20:15:09+00:00,Yahoo Finance,1.0,BULLISH
2025-06-16 20:14:33+00:00,GuruFocus.com,0.9999,BEARISH
2025-06-16 20:10:36+00:00,GuruFocus.com,1.0,BULLISH
2025-06-16 19:13:47+00:00,GuruFocus.com,0.9999,BEARISH
2025-06-16 17:39:44+00:00,Bloomberg,1.0,BULLISH
2025-06-16 16:10:23+00:00,The Telegraph,0.6825,NEUTRAL
2025-06-16 14:36:15+00:00,Reuters,0.9968,BULLISH
2025-06-16 14:32:24+00:00,Reuters,1.0,BEARISH
2025-06-16 13:41:26+00:00,Bloomberg,0.882,BULLISH
2025-06-16 13:40:39+00:00,Fortune,0.9999,BEARISH
2025-06-16 13:00:02+00:00,CNN Business,0.9834,BULLISH
2025-06-16 12:44:59+00:00,Associated Press Finance,1.0,BULLISH
2025-06-16 12:30:00+00:00,Motley Fool,0.845,NEUTRAL
2025-06-16 11:38:05+00:00,MT Newswires,0.9974,BEARISH
2025-06-16 09:30:00+00:00,Bloomberg,0.9864,BEARISH
2025-06-16 08:15:00+00:00,Motley Fool,0.999,BULLISH
2025-06-16 08:00:00+00:00,CX Dive,1.0,NEUTRAL
2025-06-16 07:45:00+00:00,Motley Fool,0.8285,BULLISH
2025-06-16 07:27:54+00:00,Bloomberg,1.0,BULLISH
2025-06-15 20:00:00+00:00,Bloomberg,1.0,BULLISH
2025-06-15 10:45:00+00:00,Motley Fool,1.0,NEUTRAL
2025-06-15 09:49:00+00:00,Motley Fool,0.6432,NEUTRAL
2025-06-15 09:47:51+00:00,Insider Monkey,0.6784,BULLISH
2025-06-15 09:45:00+00:00,Motley Fool,0.8231,BEARISH
2025-06-15 09:33:00+00:00,Motley Fool,1.0,BULLISH
2025-06-14 17:08:00+00:00,TechCrunch,1.0,BULLISH
2025-06-14 16:01:49+00:00,TechCrunch,1.0,BULLISH
2025-06-14 09:55:00+00:00,Motley Fool,0.9817,NEUTRAL
2025-06-14 09:00:00+00:00,FastCompany,0.7261,NEUTRAL
2025-06-14 01:30:33+00:00,Benzinga,0.9995,BULLISH
2025-06-13 21:45:02+00:00,Zacks,0.9729,BEARISH
2025-06-13 21:06:46+00:00,GuruFocus.com,0.997,NEUTRAL
2025-06-13 18:17:52+00:00,Bloomberg,1.0,BULLISH
2025-06-13 18:00:15+00:00,TechCrunch,0.8554,BULLISH
2025-06-13 17:17:51+00:00,Simply Wall St.,0.9983,BEARISH
2025-06-13 17:12:51+00:00,Investing.com,0.5255,BULLISH
2025-06-13 16:42:11+00:00,GuruFocus.com,1.0,BEARISH
2025-06-13 16:27:00+00:00,Zacks,0.9271,BEARISH
2025-06-13 14:18:01+00:00,FastCompany,0.7715,NEUTRAL
2025-06-13 14:00:00+00:00,Bloomberg,0.9994,BULLISH
2025-06-13 13:30:54+00:00,GuruFocus.com,1.0,BULLISH
2025-06-13 13:20:22+00:00,GuruFocus.com,0.9988,NEUTRAL
2025-06-13 12:51:42+00:00,GuruFocus.com,0.9991,NEUTRAL
2025-06-13 12:38:09+00:00,Simply Wall St.,1.0,NEUTRAL
2025-06-13 10:00:42+00:00,Yahoo Finance,0.7073,BULLISH
2025-06-13 07:06:00+00:00,Motley Fool,1.0,BULLISH
2025-06-13 06:28:59+00:00,Reuters,0.9972,NEUTRAL
2025-06-13 04:35:40+00:00,StockStory,0.9991,BULLISH
2025-06-13 04:01:00+00:00,WSJ,0.9764,BEARISH
2025-06-13 03:11:34+00:00,Insider Monkey,0.9761,BULLISH
2025-06-13 03:01:37+00:00,Reuters,1.0,BULLISH
2025-06-12 23:37:00+00:00,TheStreet,0.9984,BULLISH
2025-06-12 23:03:00+00:00,TipRanks,0.8201,NEUTRAL
2025-06-12 23:00:00+00:00,Yahoo Finance Video,0.9978,BULLISH
2025-06-12 20:45:31+00:00,Bloomberg,1.0,BULLISH
2025-06-12 20:31:04+00:00,Benzinga,0.9982,BULLISH
2025-06-12 17:53:12+00:00,TechCrunch,1.0,BULLISH
2025-06-12 17:06:41+00:00,TechCrunch,0.9364,BULLISH
2025-06-12 16:00:00+00:00,FastCompany,1.0,BEARISH
2025-06-12 15:37:07+00:00,TechCrunch,0.9999,BULLISH
2025-06-12 15:05:05+00:00,Yahoo Finance Video,0.5135,BULLISH
2025-06-12 13:35:23+00:00,Bloomberg,0.9901,BULLISH
2025-06-12 13:26:00+00:00,Zacks,1.0,BULLISH
2025-06-12 13:13:00+00:00,Zacks,1.0,BULLISH
2025-06-12 12:20:03+00:00,Benzinga,0.9989,BULLISH
2025-06-12 12:00:00+00:00,TechCrunch,1.0,BULLISH
2025-06-12 11:43:05+00:00,Bloomberg,0.9999,NEUTRAL
2025-06-12 09:45:00+00:00,Motley Fool,1.0,BULLISH
2025-06-12 04:09:08+00:00,TheStreet,0.9989,BEARISH
2025-06-12 00:17:32+00:00,Bloomberg,0.9995,BULLISH
2025-06-11 21:31:14+00:00,Insider Monkey,1.0,BULLISH
2025-06-11 20:45:55+00:00,Insider Monkey,1.0,NEUTRAL
2025-06-11 20:19:00+00:00,Zacks,1.0,BULLISH
2025-06-11 19:39:00+00:00,TechCrunch,0.9998,BULLISH
2025-06-11 19:32:55+00:00,Insider Monkey,0.9985,BULLISH
2025-06-11 19:03:06+00:00,Yahoo Finance,0.5815,BEARISH
2025-06-11 18:17:33+00:00,TechCrunch,0.9605,BULLISH
2025-06-11 16:32:00+00:00,Zacks,0.9568,NEUTRAL
2025-06-11 15:55:06+00:00,The Telegraph,0.5422,BEARISH
2025-06-11 15:20:27+00:00,TechCrunch,0.997,BULLISH
2025-06-11 15:15:26+00:00,TechCrunch,1.0,BULLISH
2025-06-11 12:39:00+00:00,FastCompany,1.0,BULLISH
2025-06-11 09:47:00+00:00,Motley Fool,0.9847,NEUTRAL
2025-06-11 00:08:48+00:00,FastCompany,0.9989,BULLISH
2025-06-10 23:30:12+00:00,Benzinga,1.0,BULLISH
2025-06-10 22:39:30+00:00,Investopedia,1.0,BEARISH
2025-06-10 21:31:56+00:00,TechCrunch,0.9997,BULLISH
2025-06-10 21:02:17+00:00,Fortune,0.9969,NEUTRAL
2025-06-10 20:17:43+00:00,Yahoo Finance Video,0.9999,BULLISH
2025-06-10 19:11:19+00:00,Bloomberg,0.9996,BEARISH
2025-06-10 18:47:56+00:00,GuruFocus.com,0.8608,BULLISH
2025-06-10 17:30:00+00:00,Benzinga,0.9999,BULLISH
2025-06-10 17:17:39+00:00,Simply Wall St.,0.9999,BULLISH
2025-06-10 17:12:31+00:00,Fox Business,0.9663,NEUTRAL
2025-06-10 17:09:35+00:00,TheStreet,0.703,BEARISH
2025-06-10 15:59:44+00:00,TechCrunch,0.9999,BEARISH
2025-06-10 15:46:41+00:00,MT Newswires,0.8767,BULLISH
2025-06-10 15:43:28+00:00,TechCrunch,0.9979,NEUTRAL
2025-06-10 15:15:51+00:00,Yahoo Finance,0.992,BULLISH
2025-06-10 14:50:33+00:00,Yahoo Finance,0.6674,NEUTRAL
2025-06-10 14:37:15+00:00,Investing.com,1.0,NEUTRAL
2025-06-10 14:21:39+00:00,Investopedia,1.0,NEUTRAL
2025-06-10 14:19:53+00:00,Bloomberg,0.9973,BULLISH
2025-06-10 14:14:37+00:00,Yahoo Finance Video,0.9978,BULLISH
2025-06-10 14:08:07+00:00,Investing.com,0.9999,BULLISH
2025-06-10 13:34:24+00:00,Bloomberg,0.739,BULLISH
2025-06-10 13:08:17+00:00,Yahoo Finance Video,1.0,BULLISH
2025-06-10 13:07:28+00:00,CNN Business,0.7468,BULLISH
2025-06-10 13:01:03+00:00,Yahoo Finance UK,1.0,BULLISH
2025-06-10 13:00:00+00:00,Zacks,0.9558,BULLISH
2025-06-10 11:32:00+00:00,FastCompany,1.0,BULLISH
2025-06-10 11:31:18+00:00,Investopedia,0.9998,BULLISH
2025-06-10 11:24:43+00:00,MT Newswires,0.929,BULLISH
2025-06-10 10:58:58+00:00,GuruFocus.com,1.0,BULLISH
2025-06-10 10:30:00+00:00,The Daily Upside,0.7225,BEARISH
2025-06-10 09:37:20+00:00,Verdict,0.9751,NEUTRAL
2025-06-10 09:33:00+00:00,Marketing Dive,1.0,BULLISH
2025-06-10 09:12:00+00:00,Motley Fool,0.9998,BULLISH
2025-06-10 09:00:03+00:00,CNN Business,0.9996,BULLISH
2025-06-10 07:42:00+00:00,Motley Fool,0.9864,BULLISH
2025-06-10 07:24:00+00:00,Motley Fool,0.8899,NEUTRAL
2025-06-10 07:06:00+00:00,Motley Fool,1.0,NEUTRAL
2025-06-10 05:00:00+00:00,The Telegraph,1.0,BEARISH
2025-06-10 04:01:00+00:00,WSJ,0.8976,BULLISH
2025-06-10 01:31:13+00:00,Benzinga,0.9827,BULLISH
2025-06-09 23:22:00+00:00,WSJ,0.9996,BULLISH
2025-06-09 23:00:00+00:00,Yahoo Finance Video,0.5696,BULLISH
2025-06-09 21:59:50+00:00,Bloomberg,0.9645,BULLISH
2025-06-09 21:55:40+00:00,Bloomberg,0.9483,BULLISH
2025-06-09 21:52:00+00:00,Zacks,0.9999,BULLISH
2025-06-09 21:20:09+00:00,CNN Business,0.9998,BULLISH
2025-06-09 21:01:37+00:00,TechCrunch,0.9993,BULLISH
2025-06-09 20:35:34+00:00,Fox Business,0.9997,BULLISH
2025-06-09 20:29:26+00:00,Yahoo Finance Video,0.9163,BEARISH
2025-06-09 20:24:38+00:00,Bloomberg,0.9996,BULLISH
2025-06-09 20:01:47+00:00,Yahoo Finance,1.0,NEUTRAL
2025-06-09 19:54:39+00:00,FastCompany,0.8744,BEARISH
2025-06-09 19:51:42+00:00,Yahoo Finance Video,0.9916,BULLISH
2025-06-09 19:39:35+00:00,Investing.com,0.9884,BEARISH
2025-06-09 19:35:36+00:00,Bloomberg,0.9993,BULLISH
2025-06-09 19:35:26+00:00,Investopedia,0.9787,BEARISH
2025-06-09 19:28:34+00:00,Bloomberg,1.0,BULLISH
2025-06-09 19:23:08+00:00,TechCrunch,1.0,BULLISH
2025-06-09 19:21:11+00:00,MT Newswires,0.9998,BULLISH
2025-06-09 19:04:52+00:00,Insider Monkey,1.0,BULLISH
2025-06-09 18:58:36+00:00,Reuters,1.0,BULLISH
2025-06-09 18:48:06+00:00,Yahoo Finance,0.4967,BEARISH
2025-06-09 18:17:47+00:00,TechCrunch,0.9985,BULLISH
2025-06-09 18:12:59+00:00,TechCrunch,1.0,NEUTRAL
2025-06-09 18:01:19+00:00,Benzinga,1.0,NEUTRAL
2025-06-09 17:50:56+00:00,TechCrunch,0.9996,BULLISH
2025-06-09 17:47:51+00:00,TechCrunch,0.9986,BULLISH
2025-06-09 17:47:41+00:00,TechCrunch,0.9995,BULLISH
2025-06-09 17:19:27+00:00,TechCrunch,1.0,BULLISH
2025-06-09 17:15:33+00:00,Yahoo Finance Video,0.9172,NEUTRAL
2025-06-09 15:52:16+00:00,GuruFocus.com,1.0,NEUTRAL
2025-06-09 15:31:44+00:00,Bloomberg,0.9867,NEUTRAL
2025-06-09 15:12:36+00:00,MT Newswires,1.0,BULLISH
2025-06-09 15:09:19+00:00,Benzinga,1.0,NEUTRAL
2025-06-09 14:39:35+00:00,MT Newswires,1.0,BULLISH
2025-06-09 14:12:49+00:00,Bloomberg,0.996,BULLISH
2025-06-09 13:52:49+00:00,Yahoo Finance Video,0.739,BEARISH
2025-06-09 13:12:23+00:00,Yahoo Finance Video,1.0,BULLISH
2025-06-09 13:00:11+00:00,Zacks,0.9994,BULLISH
2025-06-09 12:08:01+00:00,GuruFocus.com,0.5849,BEARISH
2025-06-09 11:31:00+00:00,FastCompany,1.0,BULLISH
2025-06-09 11:25:57+00:00,Yahoo Finance UK,0.9999,BULLISH
2025-06-09 10:05:36+00:00,Reuters,0.9985,BULLISH
2025-06-09 10:00:05+00:00,Yahoo Finance Video,0.9996,NEUTRAL
2025-06-09 04:34:10+00:00,StockStory,0.8818,BULLISH
2025-06-09 02:44:16+00:00,Associated Press Finance,0.6149,BULLISH
2025-06-08 22:00:00+00:00,Motley Fool,0.8094,BULLISH
2025-06-08 18:31:40+00:00,Benzinga,0.7016,BULLISH
2025-06-08 14:00:31+00:00,Yahoo Finance Video,0.9998,BULLISH
